model,accuracy,f1_score
RandomForest,0.8852014749655693,0.8712641719549424
SVM,0.6678661868585899,0.5348693403145908
MLP,0.768137189568617,0.7295655274627376
